,Player,Age,Team,Pos1,Pos2,Mins,Goals,Assists,Yel,Red,SpG,PS%,AerialsWon,MotM,Rating,Tackles,Inter,Fouls,Offsides,Clear,DrbP,Blocks,OwnG,KeyP,Drb,Fouled,Off,Disp,UnsTch,AvgP,Crosses,LongB,ThrB
0,Mbaye Diagne,27,KAS,FW,,1530,20,2,4,-,3.9,65.4,2.8,3,7.69,0.2,0.1,1.6,0.1,0.6,0.2,-,-,1.2,0.8,1.9,1,2.3,1.7,14.5,0.1,0.7,0.1
1,Edin Visca,29,IBFK,AM(LR),,3049,13,14,2,-,4.1,69.9,0.2,9,7.51,0.6,0.8,0.4,-,0.4,0.6,0.1,-,2.2,1.4,0.9,0.4,1.1,2.1,35,1.7,1.4,0.1
2,Anthony Nuatuzor Nwakaeme,30,TS,AM(L),,2221,10,10,1,-,2.3,78.9,1.3,5,7.46,1,0.6,1.4,0.1,0.8,0.9,0.2,-,2.2,2.2,0.2,0.2,2.6,2.1,36.3,0.4,1.6,0.1
3,José Sosa,34,TS,M(CLR),,2463,5,4,2,-,1.3,81,2.6,4,7.45,3,1.2,1,-,1.8,2.1,0.2,-,1.9,0.9,1.6,-,0.6,1.6,66.8,1,5.1,0.1
4,Trézéguet,24,KAS,AM(LR),,3058,9,9,2,-,4,75,0.6,5,7.44,1,0.9,1.2,-,0.3,0.8,-,-,2.3,3.3,1.9,0.4,2.5,3.1,34.9,1.6,1.4,-
5,Vedat Muriqi,25,RIZE,FW,,3026,17,8,3,-,2,65.9,5.1,4,7.4,0.7,0.3,1.8,-,0.9,0.5,0.3,-,1.4,0.6,2.3,1,1.8,2.3,27.7,-,0.5,0.1
6,Younès Belhanda,29,GS,M(CL),,1856,4,6,8,1,1.6,83.3,0.8,4,7.34,1.5,0.6,1.3,-,0.6,1.1,-,-,2.5,1.4,1.3,0.1,1.7,1.5,46.7,1.3,1.3,0.2
7,Robinho,35,SIV,AM(CLR),FW,1440,8,2,4,1,3.8,86.1,0.6,3,7.3,1,0.3,1.3,-,0.3,1.5,-,-,2.5,2.3,0.9,0.1,1.9,2.6,50,0.7,3.1,0.1
8,Adem Ljajic,27,BJK,AM(CLR),FW,2229,9,11,7,-,2.5,84.2,0.1,2,7.27,0.6,0.4,0.4,-,0.5,0.7,-,-,2.6,1.1,0.8,0.2,1.1,1.6,46.1,1.3,1.1,0.2
9,Dorukhan Tokoz,23,BJK,DMC,,1596,3,4,5,-,1.3,76.9,1.9,1,7.24,2.8,2,1.5,-,1.1,1,0.2,1,0.9,0.4,1.5,0.1,0.9,1.3,29.1,-,0.9,0.2
10,Alexandru Epureanu,32,IBFK,D(C),DMC,1980,2,-,6,-,0.7,90.7,3.1,1,7.19,1.2,1.3,1,0.6,4.5,0.3,0.5,-,0.4,-,0.5,-,0.2,0.1,65.4,-,3.4,-
11,Merih Demiral,21,ALN,D(C),,1411,1,-,4,1,0.6,77.3,3.1,1,7.19,1.9,2.3,1.5,1,5.7,0.3,0.8,-,0.1,0.3,1,-,-,0.7,37.7,-,2.2,-
12,Dario Melnjak,26,RIZE,D(L),,1388,4,2,-,-,1.3,72.9,1.8,3,7.19,1.6,1.3,0.9,0.3,3.2,0.9,0.4,1,0.8,0.6,0.7,0.1,0.3,0.7,33.6,0.7,1.8,-
13,Gökhan Gönül,34,BJK,D(R),,2390,3,2,3,-,0.9,72.9,2,3,7.15,2.2,1.8,0.7,0.2,3.3,0.8,0.2,-,1,0.6,0.9,-,0.4,1.4,36.3,0.7,1.3,-
14,Fernando,32,GS,DMC,,1857,2,4,9,-,0.6,87.3,2,2,7.13,1.6,1.4,0.8,-,1.5,1,0.4,-,1,0.4,0.6,0.1,0.5,0.7,55.1,-,3.5,0.1
15,Hugo Rodallega,34,TS,FW,,2690,15,2,4,-,3.9,75.3,2.3,5,7.12,0.3,0.2,1.8,-,0.8,0.2,-,-,0.8,0.6,1.2,0.3,0.8,1.4,22.5,0.1,0.5,0.1
16,Khalid Boutaïb,32,YMS,FW,,1237,4,3,4,-,2.2,71,4.4,1,7.12,1.6,0.5,1.9,0.1,1.4,1.1,0.1,-,1.1,0.7,1.5,0.3,2.6,3.3,23.3,0.1,0.6,-
17,Sofiane Feghouli,29,GS,M(CR),,2107,9,6,2,-,1.8,81.2,0.9,5,7.11,0.6,0.7,1,-,0.3,0.3,-,-,1.3,1,1.3,0.1,1.1,2,36.3,0.8,1.9,-
18,Douglas,28,SIV,D(R),M(R),2821,3,7,2,2,0.9,79.2,1.3,3,7.11,2.7,1.3,1.6,0.4,1,1.5,0.3,-,1.3,2.5,2.3,0.1,2.4,1.9,46.2,0.6,3.1,0.1
19,Gaël Clichy,33,IBFK,D(L),,2185,1,1,1,-,0.2,81.5,1.4,2,7.1,1.9,2.1,0.8,0.1,2.1,0.6,0.1,-,1,0.9,0.5,-,0.5,0.5,62,0.4,2.5,-
20,Tiago Pinto,31,ANK,D(L),,2249,1,-,8,-,0.3,71.5,1.2,2,7.09,2.3,3.3,1.2,0.3,3.5,0.8,0.4,-,0.7,1.3,1.2,-,0.7,1.6,32.3,0.3,2,-
21,Irfan Kahveci,24,IBFK,M(CL),,2544,4,5,6,-,1.6,83.7,1.3,4,7.09,1.5,1.2,2.1,0.1,0.6,1.2,0.1,-,1.2,1.2,1.5,0.2,1.2,1.8,40.2,0.7,1.3,0.1
22,Ricardo Quaresma,35,BJK,AM(LR),,1859,3,11,7,1,1.4,79.8,0.3,4,7.08,0.9,0.3,0.9,-,0.3,0.5,-,-,2.4,1.3,1.7,0.2,1,1.9,25.7,2.3,1.2,-
23,Yusuf Yazici,22,TS,M(CLR),,2353,4,2,11,-,2.5,83.4,0.6,2,7.07,1.7,0.6,1.8,-,0.2,1.4,0.1,-,1.9,1.6,1.6,0.1,1.9,2.4,37,1.3,1.4,0.1
24,Deniz Türüç,26,KAY,M(CLR),,2262,3,5,6,-,1.9,79.6,0.9,1,7.04,1.5,0.5,1.4,-,1.2,0.8,0.1,1,1.9,1.8,1.7,0.1,1.9,2.7,31.7,1.3,1.4,-
25,Fabrice N'Sakala,29,ALN,D(L),M(L),2868,-,1,5,-,0.2,79.7,1.9,2,7.04,3.2,1.9,1.4,0.3,2,0.9,0.2,-,1,1.3,1.3,0.1,1,1.7,34.9,0.8,1.5,-
26,Sadik Ciftpinar,26,YMS,D(C),,1422,-,-,1,1,0.1,82.8,3.4,-,7.03,1,1.6,1,0.4,7.6,0.1,0.9,1,0.4,-,1,-,-,0.3,36.6,-,3.2,-
27,Aytac Kara,26,BUR,M(C),,2828,6,1,12,-,2.1,84,2,4,7.03,2.9,1.4,1.5,-,0.8,1.9,0.3,-,0.8,0.5,2,-,0.7,1,54.6,0.5,4,0.1
28,Braian Samudio,23,RIZE,AM(LR),,2036,5,4,4,2,1.7,73.5,3.7,3,7.03,1.3,0.4,1.4,-,1,0.9,0.1,-,1.4,1,0.9,0.2,1.3,2.5,32.6,0.3,0.8,0.1
29,Nabil Dirar,33,FB,D(R),M(CR),1341,1,4,3,-,0.9,78.8,1.4,1,7.02,1.9,0.9,1.9,-,1.3,0.8,0.1,-,1.4,1.1,1.6,0.4,1.8,1.3,44.6,0.9,0.8,-
30,Badou Ndiaye,28,GS,M(C),,1926,3,3,5,1,1.4,87.6,0.4,-,7.01,2.6,0.4,1.4,-,0.6,1.4,0.2,-,0.8,1.5,1.9,-,1,1.3,48.8,-,1.9,-
31,Ogenyi Onazi,26,TS,DMC,,1306,2,1,4,-,1.2,85.9,0.6,-,7,3.1,1.7,1.9,-,0.6,1.6,0.1,1,1.1,0.9,1.1,-,0.6,1.1,65.6,-,4.7,0.1
32,Hakan Özmert,34,ANT,M(C),,2688,4,5,9,-,1.5,82.1,0.6,2,7,1.5,0.7,1.2,-,1,1.6,0.2,-,1.5,1.7,1.6,-,1.3,1.4,42.2,1.6,4.1,-
33,Fernando Boldrin,30,RIZE,AM(CR),,2608,4,7,8,-,1.8,85.9,0.4,-,7,0.8,0.4,1.2,-,0.3,0.7,0.1,-,2.4,1.4,2.1,0.1,1.9,2.7,42.9,1.8,1.6,0.1
34,Henry Onyekuru,22,GS,AM(LR),FW,2522,14,3,7,-,2,74.3,0.6,3,7,0.4,0.6,0.8,-,0.2,0.3,0.1,-,1,1.3,1,0.6,1.6,2.7,15.2,0.1,0.5,-
35,Emre Kilinc,24,SIV,AM(LR),,2611,7,6,4,-,1.8,75.3,1,1,6.99,1.1,0.6,1.6,-,0.2,1.2,0.1,-,1.7,1.4,1.8,0.4,1.2,2.1,31.3,0.6,1.1,-
36,Nazim Sangaré,25,ANT,D(R),,2880,2,4,6,-,0.3,77,1,-,6.98,2,2.6,0.9,0.3,2.5,1,0.3,-,0.7,1,2.3,-,0.5,1.2,24.6,0.3,1.2,0.1
37,Abdulkadir Omur,20,TS,AM(CLR),,2212,5,8,1,-,1.4,86.3,0.5,4,6.98,1.3,0.6,0.5,-,0.2,1,-,-,1.1,1.5,2.1,0.1,1.9,1.6,35.4,-,0.2,0.1
38,Stéphane Badji,29,BUR,DMC,,2543,-,-,8,-,0.5,87.5,2.9,1,6.96,2.9,2.1,1.8,-,1.2,0.9,0.1,-,0.4,0.4,1.3,-,0.6,0.9,65.4,0.3,4.8,-
39,Bernard Mensah,24,KAY,M(C),,1755,3,1,5,1,1.8,86.3,0.8,4,6.95,1.6,0.8,2.5,-,0.5,0.9,0.2,-,1,2.2,1.4,-,1.8,1.8,41.7,0.5,3.5,-
40,Júnior Caiçara,30,IBFK,D(R),M(R),2970,-,2,7,-,0.6,86.3,1.1,-,6.95,2.4,1,1.4,0.2,2.7,0.8,0.3,-,0.8,0.6,0.7,-,0.5,1.3,56.3,0.5,1.7,-
41,Djalma,32,ALN,AM(CLR),,2247,4,5,3,-,1.6,72.6,0.6,3,6.95,1.2,0.7,1.4,0.1,0.4,0.9,-,-,1.3,2.1,1.8,0.3,1.7,2.7,26.5,1.1,0.6,0.1
42,Papiss Demba Cissé,34,ALN,AM(R),FW,2242,16,-,6,1,3.8,75.5,2.6,2,6.95,0.3,0.2,1.1,0.1,0.9,0.2,-,-,0.4,0.8,0.8,1.3,2.4,3.7,27.3,0.1,0.5,-
43,Emrah Bassan,27,ERZ,AM(R),,2321,1,10,4,-,1.5,75.3,0.7,4,6.95,1.2,0.5,1.1,-,0.4,1,-,-,1.7,1.2,1.9,0.4,2,1.9,20.6,1.7,0.9,0.1
44,Atiba Hutchinson,36,BJK,D(R),DMC,2251,4,1,-,-,0.4,90.8,1.6,2,6.95,2,1.3,1.3,0.1,0.9,0.7,0.2,-,0.5,0.7,2.5,-,1,1.3,57.3,-,2.1,-
45,Ugurcan Cakir,23,TS,GK,,1800,-,-,2,-,-,45.5,0.7,1,6.94,0.1,-,-,-,0.6,0.1,-,-,-,-,0.3,-,-,-,23.9,-,5.9,-
46,Adem Büyük,31,YMS,AM(CLR),FW,2120,6,1,7,1,1.7,68.8,2.8,1,6.94,1.6,0.5,2,-,1.4,1.2,-,-,0.9,1,3,0.3,1.6,2,23.9,0.1,1.6,0.1
47,Lucas Villafañez,27,ALN,AM(CR),,2161,-,6,7,-,0.9,76.6,0.4,2,6.93,1.7,0.8,1.7,-,0.3,1.3,0.1,-,2.2,1.4,1.8,0.1,1.3,2.3,30.2,1.6,1,-
48,Mariano,33,GS,D(R),M(R),2491,-,5,10,-,0.2,82.3,0.3,1,6.93,2.1,1.1,0.7,0.2,1,0.8,0.2,-,1.3,0.5,0.6,0.1,0.4,1,47.2,1,2.6,-
49,Josué,28,AKH,M(CR),,1573,2,3,4,-,2,82.8,0.2,1,6.93,1.6,1,1.3,-,0.2,0.7,0.1,-,2,0.9,2.4,0.1,2,1.6,54.8,1.4,6,0.2
50,Umut Meras,23,BUR,D(L),,2348,2,-,4,-,0.7,74.7,2.2,-,6.92,1.8,2.3,1.1,0.3,1.7,1.3,0.1,-,0.4,0.9,0.7,-,0.6,0.9,39.8,0.6,2.3,-
51,Abdulkadir Parmak,24,TS,DMC,,1242,2,2,4,-,0.8,87.8,0.5,1,6.92,2.1,1.1,1.3,0.1,0.6,1.1,0.1,-,0.7,1.1,2.2,-,1.1,1.2,38.6,0.1,1.3,-
52,Chidozie Awaziem,22,RIZE,D(CR),,1359,-,-,3,-,0.6,84.2,3.4,1,6.92,1.7,0.6,1,0.2,6.1,0.3,1,-,0.1,0.1,0.5,0.1,0.1,0.3,44.3,-,3.5,-
53,David Braz,32,SIV,D(C),,2693,3,-,10,-,0.6,81.9,3.1,2,6.91,1.9,1.2,1,1.1,5.5,0.6,0.6,-,0.1,0.1,0.4,-,0.1,0.2,43.2,-,3.3,-
54,Halil Akbunar,25,GOZ,AM(LR),,2060,3,5,1,-,1,75.5,1,2,6.91,2.2,0.5,1.1,-,0.2,1.4,0.1,-,1.3,1.5,0.9,0.2,1.9,2.1,21.9,0.6,0.5,-
55,Gökhan Akkan,24,RIZE,GK,,3016,-,-,2,-,-,65.5,0.5,-,6.91,-,-,-,-,0.9,0.1,-,-,-,-,0.3,-,-,-,24.4,-,7.3,-
56,Diego Angelo,33,ANT,D(C),,2592,3,2,8,1,1.1,81,3.2,4,6.9,1.5,1.2,0.7,0.6,5.3,0.8,0.7,1,0.3,0.2,0.7,0.1,0.1,0.2,54,-,5.1,-
57,Mauricio Isla,31,FB,D(R),M(CR),2292,-,6,5,-,0.2,83.3,1.7,2,6.9,2.1,1.4,1,0.2,1.8,1.1,-,-,1.3,0.8,0.9,0.3,0.4,1.1,43.6,0.8,2.2,-
58,Huseyin Turkmen,21,TS,D(C),,2016,-,1,2,-,0.3,80.8,2.6,-,6.9,1.6,2.5,0.3,0.3,4.8,0.7,0.8,-,0.1,-,1,-,0.2,0.3,41.9,-,3,-
59,Serkan Kirintili,34,KON,GK,,2970,-,-,2,-,-,46.1,0.7,3,6.9,-,0.1,-,-,1.4,-,-,-,0.1,0.1,0.3,-,-,0.1,29.5,-,9.6,-
60,Aurélien Chedjou,34,BUR,D(C),DMC,2324,1,-,4,-,0.7,80.1,2.2,1,6.9,1,2.2,0.5,0.7,4.4,0.3,0.2,1,0.4,0.6,0.5,-,0.2,0.5,45.3,-,4.2,-
61,Yasin Öztekin,32,GOZ,M(LR),,1934,8,2,7,-,2.2,79.1,0.4,2,6.9,1.1,0.4,1.3,-,0.1,0.7,-,-,1.4,1.5,1.2,0.3,1.9,2.8,27.1,1.2,0.8,-
62,Mathieu Valbuena,34,FB,M(CLR),,1176,3,7,2,-,1.5,83.4,0.2,1,6.9,0.5,0.4,0.6,-,-,0.6,-,-,1.9,1,1.6,0.1,1.1,1.6,34.7,1.5,1.2,-
63,Emre,38,IBFK,M(C),,1651,1,-,11,-,0.6,84.4,0.9,1,6.9,2.2,1,1.7,-,0.9,1.6,0.2,-,1.5,0.5,2,-,0.4,0.9,51.9,0.5,3.6,-
64,Baiano,32,ALN,D(R),,2225,-,1,6,-,0.3,77.4,1.7,1,6.9,2.3,1.5,1.6,0.5,2.6,0.8,0.3,-,0.9,0.5,1.1,0.1,0.5,0.9,40.3,0.9,3.2,-
65,Omer Sahiner,27,KON,D(LR),M(CLR),2189,8,3,5,1,1.1,72,0.6,1,6.89,1.2,0.8,0.8,-,0.5,0.6,-,-,1.6,0.6,0.9,0.6,1.1,1.6,21.2,1.3,0.9,0.2
66,Miguel Lopes,32,AKH,D(CR),,1705,1,1,7,-,0.6,78.1,2.3,5,6.89,2.3,1.7,0.8,0.2,4.3,0.6,0.8,1,0.7,1,0.9,-,0.7,1,38.7,0.4,3.3,-
67,Efecan Karaca,29,ALN,M(CLR),,2784,2,7,1,-,1.1,78.1,0.4,2,6.89,1.7,0.6,0.8,-,0.3,0.9,0.1,-,1.3,1.4,2.2,0.3,1.2,2.4,28.1,0.7,1.1,-
68,Robinho,35,IBFK,AM(CLR),FW,1251,4,3,3,-,2,83.8,0.5,-,6.88,0.6,0.3,1.3,-,0.2,0.6,-,-,1.4,0.9,0.6,0.5,1.1,1.8,29.8,0.1,1,0.1
69,Aminu Umar,24,RIZE,AM(LR),FW,2183,6,3,2,-,1.3,74,1,1,6.88,1.4,0.9,1.6,-,0.5,0.7,0.1,-,0.9,1.5,1.2,0.7,2.4,2.6,27.5,0.2,0.7,-
70,Syam Ben Youssef,30,KAS,D(C),,2880,2,-,5,-,0.7,82.1,4.3,1,6.88,1.8,1.6,1.4,0.4,5.3,0.8,0.6,-,0.3,0.3,0.3,0.2,0.2,0.6,43.5,-,3.8,-
71,Roberto Soldado,34,FB,FW,,1459,6,4,5,2,2,77.3,1.2,-,6.88,1.1,0.4,1.1,-,0.7,0.5,-,-,0.8,0.5,1,0.4,0.6,1.6,20.1,-,0.5,-
72,Arturo Mina,28,YMS,D(C),,2174,3,2,5,1,0.4,74.3,2.7,1,6.88,1.1,1.3,0.9,0.4,5.7,0.5,0.5,-,0.5,0.6,0.8,-,0.3,0.9,35.5,-,4,-
73,Domagoj Vida,30,BJK,D(CR),,2695,3,-,8,1,0.5,83.9,2.8,1,6.87,1.1,2.1,1.3,0.8,3.9,0.2,0.4,-,0.1,0.1,0.9,-,0.1,0.4,48.2,-,2.9,-
74,Martin Skrtel,34,FB,D(C),,2430,1,-,5,-,0.5,89,2.9,1,6.87,1.2,1.1,0.9,0.8,6.3,0.5,1.2,1,0.2,0.1,0.6,0.1,-,0.3,54.9,-,3.3,-
75,Fousseni Diabaté,23,SIV,AM(R),FW,1418,2,3,-,-,1.2,79.3,0.8,-,6.86,1.2,0.2,0.8,-,0.2,0.7,0.1,-,1.1,2.1,1.2,0.2,1.5,2.9,26.8,0.4,0.2,-
76,Sinan Gümüs,25,GS,AM(R),FW,1155,4,2,5,-,1.7,76.5,0.9,1,6.86,0.9,0.2,0.7,-,0.6,0.6,-,-,0.8,0.9,1.2,0.1,0.9,1.4,15.9,0.4,0.5,-
77,Hélder Barbosa,32,AKH,AM(LR),,1976,4,2,4,-,1.5,79.4,0.9,2,6.86,1.1,0.8,0.9,-,0.3,0.8,-,-,1,1.6,2.1,0.1,1.5,1.6,30,0.7,1.7,-
78,Mevlüt Erdinc,32,ANT,FW,,1464,12,1,-,-,1.8,78,1.4,2,6.86,0.3,-,0.5,-,0.6,0.1,0.1,-,0.3,0.7,0.6,0.4,0.8,1.4,9.7,0.1,0.2,-
79,Jens Jonsson,26,KON,D(C),DMC,1862,4,-,4,-,0.8,82.7,1.5,-,6.85,1.5,1.7,1,-,1.7,0.7,0.6,-,0.3,0.2,1.1,-,0.4,0.3,36.7,-,1.6,-
80,Tjaronn Chery,31,KAY,AM(CLR),FW,2850,9,4,3,-,2.8,86.7,0.1,4,6.85,0.6,0.5,0.9,-,0.3,0.9,0.1,-,1.5,1.1,1.5,0.4,1.3,2.1,31.7,0.4,1.5,0.2
81,Loris Karius,26,BJK,GK,,2700,-,-,2,-,-,59.9,0.4,-,6.84,-,0.1,-,-,0.9,-,-,-,-,-,0.2,-,-,0.1,24.3,-,5.3,-
82,Hasan Ali Kaldirim,29,FB,D(L),,2701,2,3,6,1,0.8,80.6,1.2,1,6.84,2,0.9,0.8,0.2,2,0.5,0.3,-,1,0.7,1,0.1,0.3,0.5,46.8,0.9,2.1,-
83,Léo Schwechlen,30,ERZ,D(CL),,3060,1,-,1,-,0.3,77.7,1.5,1,6.84,2.9,2,1.1,0.3,2.7,0.6,0.1,-,0.7,0.2,1.4,0.1,0.5,0.9,34.4,0.3,1.8,-
84,Márcio Mossoró,36,IBFK,AM(C),,2028,3,4,3,-,0.7,82.5,0.3,2,6.83,1.6,0.9,0.8,-,0.3,1,-,-,1.4,0.9,1.1,0.2,1.1,1.6,38.9,0.1,1.2,0.1
85,Danijel Aleksic,28,YMS,AM(CR),,2483,10,6,7,-,1.9,74.8,1.1,5,6.83,0.8,0.4,0.9,-,0.7,1.2,0.1,-,1.4,0.3,1,0.2,1.2,1.7,25.6,1,1.6,0.1
86,Ryan Donk,33,GS,D(C),DMC,1478,2,2,3,-,0.7,85.2,2.7,-,6.83,1.1,0.5,0.8,0.2,2,0.5,0.1,-,0.5,0.4,0.9,-,0.6,1,45.4,-,2.7,0.1
87,Georgios Tzavellas,31,ALN,D(CL),,2430,1,-,6,-,0.5,75.9,2.3,-,6.82,1,1.6,0.9,0.7,4.1,0.4,0.5,-,0.4,0.4,1.4,-,0.1,0.4,44,0.1,6.4,-
88,Filip Novak,29,TS,D(L),,2577,5,2,4,-,0.7,83.4,1.9,1,6.82,1.5,1.4,1.1,0.2,1.8,0.8,0.2,-,0.6,0.6,0.8,0.1,0.4,0.8,30.8,0.1,0.7,-
89,Fabien Farnolle,34,YMS,GK,,1800,-,-,4,-,-,49.1,0.3,1,6.82,-,-,0.1,-,1,0.1,-,-,-,-,0.2,-,-,-,25.2,-,7.8,-
90,Henri Saivet,28,BUR,M(CLR),FW,2090,2,2,1,-,0.8,79.2,1.4,-,6.82,1.7,0.5,0.6,-,0.5,1,-,-,1.5,1,0.6,0.1,0.7,1.1,36.2,0.6,1.5,-
91,Marwane Saadane,27,RIZE,D(C),DMC,2108,2,-,9,1,0.6,82.6,2.4,2,6.82,2.4,1.5,1.2,0.2,3.7,0.6,0.7,-,0.2,0.5,0.6,-,0.3,0.4,34.8,-,2.5,-
92,Altay Bayindir,21,ANK,GK,,1530,-,-,2,-,-,54.2,0.8,3,6.82,0.1,-,-,-,1.5,-,-,-,0.1,0.1,0.1,-,-,0.1,29.5,-,8.6,-
93,Serhiy Rybalka,29,SIV,M(C),,1938,4,2,3,-,1.4,86.3,0.6,2,6.82,1.1,0.5,1.3,-,0.5,0.6,0.1,-,1.9,0.2,1.5,0.1,0.9,0.6,39.4,1.2,3.3,0.1
94,Ibrahim Sehic,30,ERZ,GK,,2880,-,-,3,-,-,64.3,0.4,-,6.82,-,-,-,-,0.6,-,-,-,-,0.1,0.3,-,-,-,31.2,-,6.2,-
95,Strahil Popov,28,KAS,D(R),,2924,-,2,3,1,0.4,80,1.5,-,6.81,2.1,1.2,0.9,0.3,3.4,0.6,0.2,-,1.2,0.4,0.4,0.1,0.6,0.8,36.8,1.4,1.8,-
96,Hakan Arslan,31,SIV,M(C),,2970,3,2,5,-,1.2,80.7,3.1,1,6.81,2.5,1.6,1.7,-,1.6,1.1,0.3,-,0.5,0.2,1.4,-,0.5,0.8,42,-,2.3,-
97,Samuel Eduok,25,KAS,AM(LR),,1296,5,1,4,-,2.6,77.8,0.6,-,6.81,1.2,0.4,1.6,-,0.3,0.6,0.1,-,0.9,1.1,0.7,0.3,2,2.1,20,0.7,0.4,-
98,Mahmut Tekdemir,31,IBFK,D(C),DMC,2807,-,-,6,-,0.4,87.6,1.2,-,6.81,1.2,1.3,1,0.5,2.5,0.6,0.7,-,0.4,0.2,1.5,-,0.5,0.3,68.6,-,3.5,-
99,Yuto Nagatomo,32,GS,D(LR),M(LR),1530,1,2,2,-,0.4,84.3,1.1,1,6.8,1.2,1.5,1.2,0.2,1.9,0.4,0.1,-,0.8,0.5,0.7,0.1,0.5,1.1,33,0.5,1.1,-
100,Fehmi Mert Günok,30,IBFK,GK,,3056,-,-,1,-,-,64,0.4,1,6.8,-,-,-,-,0.5,-,-,-,-,0.1,0.3,-,-,0.1,31.3,-,4.7,-
101,Ugur Demirok,31,KON,D(C),,2065,1,-,6,-,0.3,80.9,2.4,1,6.8,1.2,1.5,1,0.3,5.7,0.3,0.7,1,-,-,0.6,-,0.1,0.2,35.8,-,3,-
102,Taylan Antalyali,24,ERZ,M(C),,2345,6,3,3,-,1.5,81,1.2,1,6.8,1.1,0.6,1.3,-,0.7,0.3,0.2,-,1.1,0.9,0.6,-,1.1,1.9,33.6,0.2,2,-
103,Ibrahim Akdag,28,ERZ,DMC,,2058,3,1,6,-,1.7,84.4,0.6,-,6.8,2.1,0.6,1.5,-,0.4,0.9,0.2,-,1.3,1.2,1.3,-,1.3,1,41.2,0.2,2.3,0.1
104,Musa Cagiran,26,RIZE,M(C),,1135,-,1,4,-,1.8,82.7,1,1,6.79,2.4,1.2,1.6,-,0.9,0.9,0.4,-,0.2,1.3,1.8,-,1.6,0.9,31.6,0.1,2.8,0.1
105,Wallace Reis,31,GOZ,D(C),,2398,1,-,7,1,0.6,83.8,2.8,1,6.79,1,2,0.7,0.8,4.3,0.1,0.6,-,0.2,0.1,0.4,-,-,0.2,40.4,-,2.1,-
106,Welinton,30,ALN,D(C),,1409,1,-,5,1,1,75.4,3.2,1,6.79,2.3,1.4,1.6,0.4,3.5,1,0.3,-,0.8,0.3,1.1,0.1,0.1,0.7,37,0.4,2.9,-
107,Guven Yalcin,20,BJK,AM(L),FW,1098,8,2,2,-,1.7,74,0.6,1,6.79,1,0.3,1,-,0.3,0.7,-,-,0.5,0.8,1,0.1,0.9,1.3,13.9,-,0.7,-
108,Tolgahan Acar,33,SIV,GK,,2340,-,-,1,-,-,56.9,0.5,1,6.79,-,-,-,-,1.1,-,-,-,-,-,0.2,-,-,-,23,-,4.9,-
109,Martin Linnes,27,GS,D(LR),,1027,2,1,3,-,0.5,81.2,0.7,1,6.79,1.2,0.7,0.3,0.1,1.4,0.8,0.3,-,0.7,1.1,0.5,-,0.7,0.7,25.5,0.5,0.3,-
110,Caleb Ekuban,25,TS,AM(R),FW,1446,5,2,3,-,1.9,79.2,1.2,2,6.78,0.8,0.3,1.3,-,0.4,0.3,0.1,1,1,1.3,0.9,0.1,1.1,2,14.9,0.1,0.2,-
111,André Castro,31,GOZ,M(C),,2638,1,9,3,1,1.7,77.6,1.2,-,6.78,2,0.9,1.5,-,0.7,1.7,0.1,-,1,0.8,1.4,-,1.2,1.8,43.7,0.4,3,0.1
112,Fernando Muslera,33,GS,GK,,2970,-,-,1,-,-,70.5,0.4,-,6.77,-,-,0.1,-,0.6,-,-,-,-,-,0.3,-,-,0.1,31.8,-,7.1,-
113,Alpaslan Ozturk,26,GOZ,DMC,,1485,3,-,7,-,0.6,78.6,2.1,1,6.77,1.3,1.7,1,0.1,2.1,0.4,0.3,-,0.3,0.3,1.2,0.2,0.5,0.8,28.8,0.1,2.1,-
114,Adriano,34,BJK,D(CLR),M(L),1412,-,2,4,-,0.5,82,1.4,-,6.77,2.1,1.5,0.8,0.4,2,0.3,-,-,0.5,0.5,0.6,-,0.4,0.3,38,0.2,2.9,-
115,Lokman Gör,28,ERZ,D(C),,2402,2,1,11,-,0.6,74,2.3,-,6.77,1.7,1.9,1.1,0.5,3.1,0.2,0.7,-,0.4,0.1,0.5,0.1,0.1,0.3,39.3,-,3.5,-
116,Jasmin Scuk,29,ERZ,DMC,,2386,4,-,2,-,1.1,85,1.4,1,6.77,1.4,1.6,0.8,-,1.9,1,0.5,-,0.3,0.5,0.7,-,0.6,0.4,44,-,2.5,-
117,Mustapha Yatabaré,33,KON,AM(R),FW,1604,5,3,4,-,1.8,61,4,2,6.77,1,0.2,1.8,-,0.5,0.6,0.2,-,0.5,0.5,1.2,0.5,1.1,2.1,19.2,0.1,0.5,-
118,Guilherme,28,YMS,D(L),M(CR),2256,5,7,8,1,0.9,83.1,0.5,1,6.76,1.7,0.6,1.5,-,0.5,1,0.1,-,1,0.7,1.4,-,1.1,1.8,29.9,0.6,1.4,-
119,Ramazan Kose,31,KAS,GK,,2189,-,-,-,-,-,54.4,0.6,1,6.76,-,0.1,-,-,1.3,0.1,-,-,0.1,0.1,0.2,-,-,-,22.4,-,5.9,-
120,Chico,32,ANT,D(CL),DMC,2092,2,1,5,1,0.5,84.1,2.8,-,6.76,1.7,1,1,0.1,2.4,0.6,0.5,-,0.3,0.1,0.9,0.1,0.3,0.4,35.5,0.1,1.7,-
121,Loret Sadiku,27,KAS,D(C),DMC,2509,1,3,10,-,0.4,85.8,1.8,1,6.76,2.3,1.9,1.8,0.1,1.8,0.8,0.3,-,0.7,0.2,0.8,-,0.7,1,38.5,0.1,1.5,-
122,Mehmet Topal,33,FB,D(C),M(C),2031,1,-,5,-,0.9,82.5,2.6,1,6.76,1.4,1.1,1.3,0.1,1.5,0.6,0.3,-,0.5,0.5,1.3,0.2,0.4,0.6,46.4,0.1,2.5,-
123,Mitchell Donald,30,YMS,M(C),,2000,5,1,8,-,1,81.5,0.8,2,6.76,1.3,1.9,1,-,1.3,0.5,0.1,-,0.8,0.4,0.2,0.1,0.6,0.7,38.3,-,2.3,0.1
124,Berkan Emir,31,GOZ,D(L),,1808,-,3,3,-,0.3,71.6,1.3,-,6.75,1.5,1.1,0.7,-,1.6,1,0.1,1,1.3,0.3,1.4,-,0.7,0.7,30.7,1.5,1.7,-
125,Jailson,23,FB,DMC,,1470,2,1,2,1,0.8,83.4,0.7,-,6.75,2.7,1.2,1.4,-,1.4,1.1,0.2,-,0.8,0.6,0.8,0.1,0.7,1.1,39.1,0.1,1.8,0.2
126,Olivier Veigneau,34,KAS,D(L),,2079,-,-,4,-,0.3,71.3,0.7,-,6.75,3.3,1.4,0.7,0.1,2.6,1.3,0.2,-,0.8,0.7,0.5,0.1,0.7,1,29.8,0.8,1.6,-
127,Titi,31,GOZ,D(C),,2880,-,1,8,-,0.3,83.3,2.6,1,6.75,1.4,1.7,0.8,0.8,3.9,0.4,0.6,-,0.3,0.1,1,0.1,0.1,0.5,47.8,-,4.4,-
128,Cameron Jerome,32,GOZ,FW,,2014,5,2,1,1,1.6,61.4,3.5,2,6.75,0.5,-,2,-,1.3,0.3,0.1,-,0.6,0.3,0.9,0.4,1,1.9,16.2,-,0.1,-
129,Celso Borges,31,GOZ,M(C),,2282,1,-,4,-,0.7,83.3,2.4,-,6.74,1.6,1.5,0.4,-,1.3,0.7,-,-,0.7,0.4,0.9,0.1,0.8,0.8,44.5,0.2,3.3,-
130,Ziya Erdal,31,SIV,D(L),,2036,-,2,3,1,0.4,79,1.3,-,6.74,1.9,1.1,0.9,0.3,2.4,0.5,0.1,-,1,0.3,0.9,-,0.4,0.8,35.4,1.3,2.6,-
131,Mohamed Abarhoun,30,RIZE,D(C),,1282,1,-,6,-,0.3,84.8,1.4,-,6.74,0.5,1.5,1.3,0.3,4.4,0.2,0.6,-,0.2,0.4,0.5,-,0.1,0.1,41.4,0.1,2.8,0.1
132,Moryke Fofana,27,KON,AM(LR),,1961,6,1,5,-,1.1,77.3,0.4,1,6.74,0.8,0.3,0.8,-,0.2,0.4,-,-,0.7,1.9,0.9,0.1,1.5,1.5,19.7,0.2,0.8,0.1
133,Bangaly-Fodé Koita,28,KAS,AM(LR),FW,1430,5,2,4,-,1.6,72.5,3.1,2,6.74,0.4,0.1,1.1,-,0.7,0.1,0.1,-,0.8,1.1,1.2,0.4,1.4,1.8,21.8,0.1,0.6,-
134,Volkan Findikli,28,KON,DMC,,1686,1,1,5,-,0.4,81.7,2.5,-,6.74,1.7,1,0.9,-,1.5,1,0.3,-,0.7,0.1,0.6,-,0.4,0.5,44.8,-,2.5,0.1
135,Mehmet Ekici,29,FB,M(CL),,1088,3,1,2,1,2,78.4,0.9,1,6.73,0.5,0.2,0.5,-,0.1,0.4,-,-,1.4,1,1.3,-,1.1,1.4,24.5,1.2,1,-
136,Marko Jevtovic,26,KON,DMC,,2325,2,-,10,1,0.7,82.1,2,1,6.73,2,1.6,1.4,0.1,1.9,1.3,0.4,-,0.3,0.1,1.2,-,0.2,0.7,41.6,0.1,2.2,0.1
137,Nejc Skubic,30,KON,D(R),,2776,2,3,6,1,0.4,82.4,1.2,-,6.73,1.7,1,0.4,0.2,1.8,0.5,0.2,-,0.9,0.3,1.6,0.1,0.5,0.8,38.8,0.6,1.1,-
138,Beto,37,GOZ,GK,,2965,-,-,3,-,-,77.1,0.4,2,6.73,-,0.1,-,-,0.5,-,-,-,-,-,0.3,-,-,-,33.7,-,9.4,-
139,João Pereira,35,TS,D(R),,1864,-,5,6,-,0.4,85.6,0.4,-,6.73,1.6,0.8,0.9,-,1.4,0.6,-,-,1.4,0.5,1.4,0.1,1.1,1.5,47.2,1,1.4,-
140,Souleymane Doukara,27,ANT,AM(L),FW,1923,10,2,4,1,1.6,74.7,2,2,6.73,0.2,0.2,1.2,-,0.9,0.2,0.1,-,0.7,1,1,1.1,1.6,2.5,21,0.2,0.6,0.1
141,Baris Yardimci,26,BUR,D(CR),M(R),2259,-,-,4,-,0.2,73.4,1.1,-,6.72,1.7,1.7,1,0.3,1.9,0.9,0.1,-,0.8,0.8,1.5,-,0.7,0.9,37.7,0.7,3,-
142,Caner Erkin,30,BJK,D(L),M(L),2075,1,1,11,1,0.9,73.6,1.3,1,6.71,1.4,1,1.4,0.4,1.5,0.6,0.4,1,1.1,0.5,0.6,-,0.5,0.9,41.3,1.3,2.9,-
143,Seyed Majid Hosseini,23,TS,D(C),,2038,-,-,4,-,0.1,87.2,1.8,-,6.71,1.6,1.8,0.6,0.4,4.2,0.2,0.6,-,0.1,0.2,0.4,-,0.3,0.4,33.8,-,1.5,-
144,Ferhat Öztorun,32,KON,D(L),,1568,-,-,6,-,0.3,73.2,1.4,1,6.71,1.9,2.5,1.4,0.2,2.6,0.9,0.2,-,0.5,0.2,1.1,0.1,0.5,0.6,24.9,0.7,1,-
145,Guray Vural,31,AKH,D(L),M(LR),2222,2,3,4,-,1.3,79.8,0.7,1,6.71,1.3,1.1,0.7,0.1,1.5,1.1,0.1,-,1.3,0.9,0.6,0.4,0.9,1.8,40.9,1.3,1.3,-
146,Deni Milosevic,24,KON,AM(CLR),FW,2440,1,4,3,-,1.2,87.4,0.6,1,6.71,1.6,0.5,1.1,-,0.3,0.8,-,-,0.9,1.1,0.8,0.1,1.8,1.9,34.4,0.2,0.7,0.1
147,Yalcin Ayhan,37,ANK,D(C),,1285,-,-,2,-,0.3,75.5,2.7,1,6.71,0.4,1.2,0.3,0.4,6.5,0.3,0.5,-,0.1,0.1,0.5,0.1,0.1,0.2,24.2,0.1,2.6,-
148,Junior Fernandes,30,ALN,AM(LR),FW,1360,7,3,-,-,2.3,73.2,1.3,-,6.7,0.4,0.5,1,-,0.4,0.6,-,-,0.5,1,0.5,0.3,1.2,1.6,21.1,0.1,0.6,-
149,Egemen Korkmaz,36,ERZ,D(C),,1632,1,-,5,1,0.6,85.4,2.5,1,6.7,1.1,1.2,1.1,0.4,5.4,0.4,0.7,-,0.2,0.1,1.1,0.1,0.1,0.4,37.1,-,2.3,-
150,Ceyhun Gülselam,31,ALN,M(C),,2118,-,2,9,1,0.6,80.1,2.6,-,6.7,2.4,1.4,2.5,-,1,1.3,0.2,-,0.5,0.3,0.9,-,0.5,1,39.5,0.1,2.5,0.1
151,André Ayew,29,FB,M(CLR),FW,2054,5,-,4,-,1.3,76,2.2,2,6.7,1.2,0.4,1.1,-,0.5,0.4,0.1,-,0.4,0.9,1.3,0.1,1.1,1.8,25.2,0.1,0.4,-
152,Ozan Tufan,24,ALN,M(CR),,1266,-,-,2,-,1.2,79.7,0.6,-,6.7,1.4,1.1,1.6,-,1,0.6,0.2,-,1.2,0.6,1.3,-,0.8,1.2,25.2,0.8,1.5,0.1
153,Iasmin Latovlevici,33,BUR,D(L),M(L),1705,3,2,3,-,1.1,73.1,1,1,6.69,1.4,0.7,1.2,0.1,1.2,0.9,0.1,-,1.2,0.4,0.2,0.1,1.5,1.6,24.1,1.1,1.5,-
154,Abdullah Durak,32,RIZE,DMC,,1069,-,1,2,1,0.4,81.3,1.7,-,6.68,2.2,1,1.1,-,1.8,1.8,0.2,-,0.5,0.3,0.7,-,0.1,0.5,25.4,-,1.9,0.1
155,Andre Biyogo Poko,26,GOZ,D(R),M(CR),1863,1,1,7,1,0.4,71,0.9,1,6.68,3,1.3,1.7,-,1.1,1.6,0.1,-,0.5,1,0.8,-,1.4,1.6,27.7,0.1,1.9,-
156,Muhammet Demir,27,SIV,FW,,1129,4,1,2,-,2.1,76.4,2.7,-,6.68,0.3,0.1,0.8,-,0.6,0.4,0.1,-,0.8,0.9,1.1,0.2,1.5,1.7,15,-,0.3,-
157,Lamine Gassama,29,GOZ,D(R),,2356,-,-,6,-,-,79,0.6,-,6.68,1.5,1.6,0.8,0.2,1.1,0.4,-,-,0.4,1.4,2.5,-,0.8,1.1,31.8,0.8,1.5,-
158,Erkan Kas,27,YMS,D(L),M(L),1217,-,1,2,1,0.1,74.9,0.8,-,6.68,1.4,1.4,0.8,0.1,1.5,0.6,0.1,-,0.3,1.1,0.9,-,0.6,0.9,25.8,0.4,0.9,-
159,Issam Chebake,29,YMS,D(R),,2358,-,2,5,1,0.3,73,1.6,-,6.67,1.7,0.9,0.9,0.3,2.2,0.3,0.2,-,0.7,0.7,1.6,0.1,0.8,1.3,26.3,0.5,2.3,-
160,David Pavelka,28,KAS,M(C),,2272,1,3,6,1,1,87,1.4,-,6.67,1.8,1.2,1.9,-,1,1.1,0.3,-,1.1,0.7,1,0.1,0.5,1.1,47.8,0.1,1.8,-
161,Ricardo Faty,32,ANK,D(C),DMC,1588,3,-,5,-,0.8,80.7,2.5,-,6.67,1.8,1.7,1.9,-,2.1,1.2,0.3,1,0.3,0.5,1.1,-,1,2.2,39.6,-,1.7,-
162,Samil Cinaz,33,KAY,D(C),DMC,1986,2,1,6,1,0.7,84.2,1.6,-,6.66,1.8,0.7,1.5,-,1.9,1,0.5,-,0.7,0.1,1,-,0.5,0.6,41.5,-,1.7,0.1
163,Ertugrul Ersoy,22,BUR,D(CR),,2700,1,-,8,-,0.8,80.7,2.7,-,6.66,1,1.1,1.4,0.3,4.1,0.4,0.3,-,0.2,0.1,0.8,0.1,0.1,0.4,41.6,-,3.7,-
164,Gary Medel,31,BJK,D(C),DMC,1851,-,-,8,1,0.3,88.7,1.1,-,6.65,2.2,1.3,1.3,0.5,2.5,1.6,0.4,-,0.3,0.1,0.8,-,0.2,0.8,52.4,0.1,3,-
165,Kadir Keles,31,AKH,D(L),,1473,-,1,-,-,0.3,75.8,0.7,-,6.65,1.3,2,0.7,0.1,1.9,0.8,0.4,-,0.5,0.5,0.8,0.1,0.2,0.8,32.7,0.3,2.2,-
166,Emre Akbaba,26,GS,M(C),,746,2,3,2,-,1.6,76.2,0.8,1,6.64,0.7,0.4,0.7,-,0.1,0.2,0.1,-,1.1,0.6,1,0.3,1.3,1.4,18.9,0.9,0.5,-
167,Necip Uysal,28,BJK,D(CR),DMC,1065,-,-,6,-,0.1,81.9,2.6,1,6.63,1,1.4,1.4,0.2,2.9,0.6,0.3,-,0.1,0.6,0.9,-,0.1,0.5,30.8,-,1.9,-
168,Veysel Sari,31,KAS,D(CLR),DMC,2373,1,-,8,-,0.6,80.1,2.1,-,6.63,1.6,1.6,0.8,0.8,3.3,0.6,0.7,-,0.3,0.2,2,-,0.2,0.5,37.9,-,3.1,-
169,Josué,27,KAS,D(C),DMC,1112,1,-,3,-,0.1,83.4,1.9,1,6.62,0.9,1.5,1.1,0.3,3.2,0.4,0.7,-,0.2,0.2,0.9,0.1,0.3,0.7,31.2,-,2.2,-
170,Fatih Ozturk,32,AKH,GK,,2304,-,-,3,-,-,44,0.6,2,6.62,-,-,-,-,0.9,0.1,-,-,0.1,-,0.2,-,-,-,22,-,5.1,-
171,Artem Kravets,30,KAY,FW,,1340,5,1,3,-,2,76.8,1.9,-,6.62,0.5,0.1,1,-,0.8,0.7,0.2,-,0.7,0.5,1,0.3,1,1.9,14.8,-,0.3,-
172,Ruud Boffin,31,ANT,GK,,2790,-,-,5,-,-,62.7,0.5,2,6.62,-,0.1,0.1,-,0.6,0.1,-,-,-,-,0.4,-,-,-,32.5,-,6.2,-
173,Jean-Armel Kana-Biyik,30,KAY,D(C),,2375,-,-,1,1,0.3,83.3,2,-,6.61,1,1.3,0.3,0.7,3.8,0.2,0.3,-,0.1,0.2,0.6,-,0.1,0.4,41,-,2.5,-
174,Deniz Kadah,33,GOZ,AM(CL),FW,1383,7,-,1,-,2.1,62.5,2.8,-,6.61,0.4,0.2,0.5,-,0.5,0.5,0.1,-,0.3,0.3,1,0.3,0.9,1,16.7,0.1,0.1,-
175,Silvestre Varela,34,KAY,M(LR),,1612,1,6,1,-,0.6,81,0.5,-,6.61,0.7,0.6,0.6,-,0.3,0.5,-,-,0.8,1.5,1.1,0.2,1.2,1.3,19.7,0.4,0.5,-
176,Umut Bulut,36,KAY,AM(CLR),FW,2426,2,2,4,-,1.4,69.9,2.6,-,6.61,1.1,0.4,0.9,-,1,0.6,0.1,-,0.9,0.3,0.8,0.4,0.8,1.1,17.4,0.1,0.4,-
177,Cristian Sapunaru,35,KAY,D(CR),DMC,2590,2,-,8,-,0.3,83.8,1.8,-,6.61,1.6,1.4,1.1,0.5,3.1,0.9,0.4,-,0.2,0.4,0.7,-,0.1,0.4,39.8,-,3.7,-
178,Ondrej Celustka,30,ANT,D(CLR),,2078,-,1,5,-,0.3,80.8,2.3,-,6.61,1.1,0.7,1.1,0.4,4.5,0.1,0.5,-,0.3,0.2,0.4,-,0.2,0.4,35.9,0.2,2.5,-
179,Adis Jahovic,32,KON,FW,,1713,6,1,3,1,2.1,60.6,3.6,3,6.61,0.2,0.1,1.3,-,0.9,0.4,-,-,0.6,0.3,1.2,0.5,0.8,1.5,17.5,-,0.2,-
180,Jeremain Lens,31,BJK,AM(LR),FW,1704,1,4,7,1,1.1,72.2,0.8,-,6.6,1.2,0.3,2.3,-,0.2,0.4,-,-,0.8,1.1,1.1,0.3,0.8,1.9,20.3,0.4,0.5,-
181,Ugur Ciftçi,27,SIV,D(L),M(L),1611,-,2,5,-,0.4,78.8,0.5,-,6.6,2,1,1.4,0.3,1.6,0.6,0.3,-,0.9,0.4,0.2,0.2,0.6,1,34,0.7,2,-
182,Elvis Manu,25,AKH,AM(L),FW,1831,7,2,7,-,1.4,76.3,0.2,1,6.59,0.5,-,2.4,-,0.1,0.4,-,-,0.6,1.6,1.5,0.8,2.1,2.3,12.2,0.1,0.5,0.1
183,Adrien Regattin,27,AKH,M(CLR),,1179,3,1,2,-,1.3,82.3,0.4,1,6.59,0.8,0.6,0.6,-,0.3,0.7,-,-,1.1,0.6,1.7,0.3,0.8,0.9,22.7,0.5,1.2,-
184,Arouna Koné,35,SIV,AM(LR),FW,1268,10,1,1,-,2,80,1.2,1,6.59,0.3,0.1,0.6,-,0.5,0.1,-,-,0.8,0.5,0.2,0.3,1.3,1.3,15,-,0.3,-
185,Tarkan Serbest,25,KAS,M(C),,2312,2,2,4,-,1,86.3,0.5,-,6.58,1.3,0.9,0.8,0.1,1.2,1.1,0.2,-,0.8,0.4,0.6,0.1,0.7,1,31.1,0.1,1.3,-
186,Eren Tozlu,28,YMS,AM(LR),FW,792,3,1,4,-,0.9,76.1,1.4,1,6.58,0.9,0.2,0.8,-,0.5,0.6,-,-,0.6,0.7,1.1,0.1,0.9,1.3,11.5,-,0.3,-
187,Hasan Huseyin Acar,24,KAY,DMC,,1069,3,1,2,-,0.8,85.3,0.6,-,6.58,1.3,0.6,1.1,-,0.8,1.5,0.2,-,0.6,1.1,0.3,0.1,1,0.7,34.5,0.2,2.4,0.1
188,Olcay Sahan,32,TS,M(LR),,877,2,3,2,-,0.4,77.4,0.1,1,6.57,1.5,0.4,0.5,-,0.4,1.4,-,-,1,0.5,0.8,0.1,0.7,0.7,21.6,0.2,0.4,-
189,Atila Turan,27,KAY,D(L),M(L),2143,-,2,8,-,0.6,74.5,1.3,1,6.57,1.4,1.3,0.9,0.4,2.1,0.5,0.1,-,0.9,0.6,0.6,0.3,0.5,1,29.6,0.6,1.9,-
190,Allano,24,BUR,AM(LR),,1879,1,3,8,-,1.6,72.1,1.4,1,6.57,1.1,0.5,1.9,-,0.3,0.7,-,-,0.9,1.1,1.9,0.2,1.4,2.5,20.9,0.5,0.6,0.1
191,Silviu Lung Jr.,30,KAY,GK,,2531,-,-,3,1,-,54,0.4,1,6.57,-,-,0.1,-,1.1,-,-,-,-,-,0.3,-,-,0.1,26,-,5.9,-
192,Tiago Lopes,30,KAY,D(R),,2597,-,-,9,2,0.4,76.1,1.9,-,6.57,1.3,1.2,1.5,0.2,2.7,1.2,0.4,-,0.9,0.7,1.4,-,0.6,1,38.9,0.9,2.3,-
193,Abdoul Sissoko,29,AKH,D(C),M(CL),2763,-,-,5,-,0.6,85.6,1.6,-,6.56,1.5,1.4,1.4,0.1,1.4,0.7,0.3,-,0.4,0.6,1.5,-,0.9,1,41.8,0.1,2.7,-
194,Aly Cissokho,31,ANT,D(L),M(L),1837,-,2,1,1,0.2,77.1,1.4,-,6.55,1.1,1.2,0.7,0.2,2.7,0.2,0.2,-,0.5,0.4,0.3,-,0.5,0.5,26,0.6,1.2,-
195,Serginho,32,AKH,M(C),,1669,-,-,8,-,0.9,83.3,1,-,6.55,1.5,1.1,1.7,-,0.8,1.3,-,-,0.7,1.2,1.5,-,1.1,1.7,32.5,0.1,1.7,-
196,Abdou Traoré,30,KON,AM(CLR),FW,1178,-,3,4,-,0.6,81.7,0.5,-,6.54,0.8,0.7,1.2,-,0.4,1.2,0.1,-,0.9,1.1,1.4,0.1,1.5,1.8,24.7,0.5,0.6,0.1
197,Özer Hurmaci,32,ERZ,M(CLR),,1203,-,1,3,-,1.3,76.3,0.6,1,6.54,1.1,0.3,1.1,-,0.3,0.6,0.1,-,1.4,1.1,0.9,0.2,2.1,1.4,32.8,0.5,1.4,0.1
198,Jakub Brabec,26,RIZE,D(C),,1489,-,-,3,-,0.6,79.9,2,-,6.53,1.6,1.3,0.5,0.6,4.5,0.7,0.9,-,0.1,0.2,0.4,-,0.1,0.4,40.5,-,3.6,-
199,Haydar Yilmaz,35,ALN,GK,,2410,-,-,1,-,-,64.9,0.4,2,6.53,-,-,-,-,0.8,-,-,-,-,-,0.1,-,-,-,22.9,-,5.7,-
200,Zargo Toure,29,TS,D(C),,1986,-,-,1,-,0.1,86.6,1.5,-,6.53,0.7,1.1,0.5,0.4,3.5,0.3,0.6,-,0.1,0.2,0.3,-,-,0.2,36.3,-,1.6,-
201,Mehmet Umut Nayir,26,BUR,FW,,1243,4,-,3,-,1.4,58,4,1,6.53,0.3,0.1,0.8,-,0.7,0.3,-,-,0.3,0.2,1.4,0.1,0.4,1.5,11.7,-,0.1,-
202,Caner Osmanpasa,31,AKH,D(CR),,2716,-,-,4,-,0.1,81,2.1,-,6.53,1,1.3,0.6,0.6,3.5,0.2,0.9,-,-,0.1,0.5,-,0.1,0.4,35.7,-,3,-
203,Isaac Sackey,25,ALN,DMC,,1417,-,-,5,2,1.1,71.9,2.3,-,6.53,2.4,1.2,1.3,-,0.9,0.5,0.1,-,0.1,0.6,0.5,-,0.7,0.8,26.9,-,1.7,-
204,Mehmet Uslu,31,RIZE,D(L),,1472,-,1,1,-,0.2,78.5,1.2,-,6.52,1.3,0.7,0.6,-,2.2,0.5,0.2,-,0.6,0.2,0.4,-,0.2,0.7,33.5,0.6,2.1,0.1
205,Yusuf Erdogan,26,BUR,D(L),M(LR),1717,2,3,4,-,1.7,64.6,1.2,1,6.52,0.9,0.3,1.2,-,0.1,0.8,-,-,1.3,0.6,1.3,0.2,1.4,2.2,16.1,1.5,0.3,-
206,Roman Neustädter,31,FB,D(C),M(C),1875,1,-,3,1,0.3,87.6,1.9,-,6.52,1.1,1.1,1,0.6,3.1,0.5,0.6,1,0.2,0.1,0.4,-,-,0.3,51.8,-,4.1,-
207,Özgür Cek,28,KAS,D(L),M(L),647,-,4,-,-,0.2,75.9,0.5,-,6.51,1,0.5,0.5,0.1,0.8,0.6,-,1,0.9,0.5,0.9,-,0.5,0.6,13.9,0.6,0.7,-
208,Selcuk Inan,34,GS,M(C),,1035,-,1,3,-,0.8,82.4,0.3,-,6.51,0.9,0.4,0.9,-,0.8,1,0.1,-,0.7,0.4,0.6,-,0.4,0.5,36.4,0.8,2.1,-
209,Gilles Sunu,28,ERZ,AM(LR),FW,1950,4,1,5,-,1.6,78.7,1.5,-,6.51,0.4,0.1,0.7,-,0.4,0.1,0.1,-,0.5,0.8,1.4,0.4,1.8,1.8,21.8,0.4,0.3,-
210,Tolga Unlu,29,ERZ,D(R),,1469,-,-,3,-,0.1,75.2,0.7,-,6.5,1.7,0.9,1.2,0.3,1.8,0.7,-,-,0.4,0.6,0.7,0.1,0.3,0.6,36.7,0.3,2.2,0.1
211,Harun Tekin,30,FB,GK,,1980,-,-,4,-,-,62,0.3,1,6.5,-,-,-,-,1,-,-,-,-,-,0.2,-,-,-,25.9,-,7.1,-
212,Serdar Özkan,32,ANT,AM(L),,1070,2,1,-,-,0.6,74.9,0.2,2,6.5,0.5,0.5,0.3,-,0.1,0.5,-,-,0.8,1.2,1.9,0.2,0.9,1.4,13.5,0.1,0.3,0.1
213,Aykut Ceviker,29,AKH,D(R),M(C),1373,-,1,3,-,0.3,75.9,0.3,-,6.49,1.7,1.5,1.4,-,1.3,1.1,0.2,-,0.4,0.5,0.4,-,0.6,0.9,27.9,0.2,1.5,-
214,Eljero Elia,32,IBFK,AM(LR),FW,1040,1,1,4,-,0.5,78,0.1,-,6.49,1,0.1,1.1,-,0.4,0.7,0.1,-,0.9,1,0.8,0.4,1,1.2,18,0.3,0.5,-
215,Yekta Kurtulus,33,ANT,M(C),,1259,1,2,5,-,0.5,84.4,0.6,-,6.49,0.8,0.7,0.7,-,0.5,0.7,0.2,-,0.5,0.4,0.6,-,0.4,0.3,27.2,0.3,1.9,-
216,Bilal Basacikoglu,24,KAY,AM(LR),,1209,-,-,3,-,1.1,74.6,0.8,1,6.49,1.4,0.5,1.1,-,0.4,0.4,-,-,0.6,1.6,1.2,0.4,1.6,1.7,14,0.3,0.8,-
217,Riad Bajic,25,IBFK,AM(C),FW,1095,6,-,2,-,0.9,79.3,0.5,-,6.49,0.2,0.1,0.5,-,0.1,0.1,-,-,0.3,0.3,0.9,0.2,0.9,1.4,9.5,-,0.3,-
218,Murat Yildirim,32,YMS,M(C),,2287,-,-,6,-,0.3,85.6,0.3,-,6.48,1.9,1.1,1.8,0.1,1,1.2,0.3,-,0.5,0.5,1,-,0.4,1.3,37.9,0.1,2.4,0.1
219,Delvin N'Dinga,31,SIV,M(C),,1750,1,1,3,-,0.9,80.9,1.3,-,6.48,1.5,0.5,1,-,1.2,1.1,0.2,-,0.8,0.3,0.5,-,0.8,1,43.9,-,3.3,0.1
220,Jeremy Bokila,30,AKH,FW,,789,4,1,2,-,1.3,67.4,1.8,1,6.48,0.3,-,2.3,-,0.3,0.1,0.1,-,0.8,0.3,0.8,0.7,0.8,1.8,8.6,0.1,-,-
221,Cenk Ahmet Alkilic,31,ALN,D(R),M(R),958,-,3,2,-,0.2,71.1,0.4,-,6.48,1.4,0.5,0.7,0.1,0.5,0.5,0.2,-,0.8,0.8,1.1,0.1,0.6,0.8,16.1,0.9,0.9,0.1
222,Orhan Ovacikli,30,RIZE,D(R),,1079,-,-,5,1,0.1,72.4,0.9,-,6.48,2.9,0.6,0.9,0.1,2.1,0.6,0.4,-,0.3,-,0.9,-,0.1,0.4,22.2,0.6,1.1,-
223,Ömer Sismanoglu,29,YMS,AM(C),FW,651,5,1,4,-,0.9,72.7,1,-,6.48,0.1,-,1.1,-,0.5,0.4,-,-,0.4,0.3,0.4,0.3,0.7,0.8,8,-,-,-
224,Burak Kapacak,19,BUR,D(R),M(R),797,-,-,3,-,0.4,69.6,1.3,-,6.48,1.3,0.7,1.1,0.3,0.8,0.9,0.1,-,0.4,0.8,0.5,0.1,0.8,1.4,14.2,0.6,0.4,0.1
225,Brice Dja Djédjé,28,ANK,DMC,M(R),1524,-,-,5,1,0.4,88.6,0.3,-,6.47,0.9,1.3,2,-,0.4,0.4,0.2,-,0.3,1.1,1.5,-,1.2,1,42.4,0.2,2.4,-
226,Dogukan Sinik,20,ANT,AM(LR),,1875,-,-,6,-,0.8,76,0.8,-,6.47,1.2,1,1.1,-,0.9,0.8,0.1,-,0.5,1.2,1,0.1,1.4,1.8,14.3,0.2,0.6,-
227,Tunay Torun,29,BUR,M(CLR),,1294,-,2,4,-,1,78.7,0.5,1,6.47,0.6,0.5,1.3,-,0.1,0.7,-,-,1,0.7,0.6,0.4,0.8,1.3,18.2,0.8,1.2,0.1
228,Paul Papp,29,SIV,D(CLR),,859,-,-,3,-,0.3,74.1,1.4,-,6.46,1.4,0.9,0.8,0.2,2.6,0.9,0.2,-,0.1,0.2,0.6,0.1,0.1,0.4,18.4,0.2,1,-
229,Eljif Elmas,19,FB,M(C),,1594,4,-,4,-,1.6,83.9,0.6,-,6.46,1.1,0.6,1.2,-,0.3,1,0.1,-,0.5,0.6,0.7,-,0.8,1.3,24.1,-,0.7,-
230,Yoan Gouffran,33,GOZ,M(CLR),FW,584,1,-,-,-,0.7,88.5,1.1,-,6.44,0.6,0.3,0.4,-,0.2,0.2,0.1,-,0.7,0.5,0.8,0.1,0.5,1,15.3,0.3,0.6,-
231,Diafra Sakho,29,BUR,FW,,1378,3,1,2,1,2.3,64.2,4.5,-,6.44,0.4,0.1,1.5,-,0.5,0.3,-,-,1,0.7,0.8,0.6,2.1,3.9,16.9,0.2,0.3,-
232,Haris Hajradinovic,25,KAS,AM(CR),,846,1,1,2,-,1.2,79.6,0.1,-,6.44,1.2,0.1,1.3,-,0.3,0.8,0.1,-,1,0.6,0.7,0.1,0.9,1.1,24.6,0.4,2.1,0.1
233,Okan Kocuk,23,BUR,GK,,1980,-,-,-,-,-,57.2,0.3,1,6.43,-,-,-,-,0.5,-,-,-,-,-,0.2,-,-,-,23.8,-,7.5,-
234,Gabriel Torje,29,SIV,AM(CLR),,762,-,1,2,-,1.3,63.8,0.1,-,6.42,0.6,0.3,0.5,-,0.3,0.3,0.1,-,0.9,0.4,0.8,-,0.5,0.8,14.8,0.8,0.2,0.1
235,Oguzhan Ozyakup,26,BJK,M(C),,793,1,3,2,-,0.8,83.2,0.3,1,6.42,0.7,0.6,0.4,-,0.3,0.6,-,-,0.9,0.1,0.7,0.1,0.6,0.6,26.6,0.3,1.1,0.1
236,Stefano Napoleoni,33,IBFK,AM(CL),,1285,3,1,-,-,1.2,86.2,0.1,-,6.42,0.6,0.4,0.2,-,0.2,0.7,-,-,0.5,0.4,0.5,0.2,0.7,0.9,20.1,0.1,0.3,-
237,Alihan Kubalas,27,ANK,D(C),,1244,-,-,3,-,0.4,76.3,1.6,-,6.41,1.1,1.4,1.3,0.2,3.5,0.4,0.6,-,0.1,-,0.8,0.1,0.1,0.4,29.1,-,2.6,-
238,Michael Pereira,31,YMS,M(LR),,998,-,1,-,-,0.9,79.7,0.8,-,6.41,0.8,0.6,0.4,-,0.3,0.3,-,-,0.6,0.5,0.8,0.2,0.7,1,16.5,0.4,0.7,-
239,Olexandr Kucher,36,KAY,D(CL),,1221,-,1,7,-,0.1,83.9,1,-,6.4,0.9,1.2,0.6,0.4,2.3,0.6,-,-,0.2,-,0.4,-,0.1,0.3,27.5,0.1,2.4,-
240,Tayfur Bingöl,26,GOZ,D(R),M(LR),1069,-,-,3,-,0.8,81.8,0.8,-,6.4,1.2,0.4,1,0.2,0.9,0.9,0.1,-,0.7,0.8,0.5,0.1,0.8,1.2,23.3,0.4,1.1,-
241,Ilhan Parlak,32,ANK,AM(CLR),FW,1576,4,3,1,-,1,64.5,1.6,-,6.39,0.4,0.5,0.8,-,1,0.7,0.1,-,0.5,0.1,0.7,0.1,0.6,1,13.6,-,0.2,-
242,Ahmed Ildiz,22,YMS,M(C),,1125,1,2,1,-,0.9,82.4,0.4,-,6.38,0.7,0.4,0.8,-,0.5,0.4,-,-,0.5,0.3,0.4,-,0.9,1.1,18,0.5,0.9,-
243,Mattias Bjärsmyr,33,SIV,D(C),,2429,-,1,4,-,0.3,79.6,1.6,-,6.38,0.8,0.6,0.8,0.5,2.9,0.5,0.4,-,0.1,-,0.2,-,-,0.1,33,-,2.4,-
244,Emmanuel Adebayor,35,IBFK,FW,,865,3,2,3,-,1.2,86.9,1.1,1,6.37,0.2,-,1.1,-,0.4,0.1,0.1,-,0.4,0.6,0.4,0.3,1.6,1.6,14.4,-,0.2,0.1
245,Sedat Agcay,37,ANK,DMC,,1401,-,-,5,-,0.7,78.9,0.6,-,6.37,1.8,0.8,0.7,-,0.5,1.9,0.1,-,0.3,0.5,0.5,-,0.2,0.8,24.9,0.1,2,-
246,Onur Ayik,29,AKH,AM(LR),,1046,1,3,3,-,0.8,67.2,1.6,-,6.36,0.5,0.2,1,-,0.7,0.3,-,-,0.6,0.1,1,0.3,0.6,1.4,12.5,-,0.1,-
247,Ilhan Depe,26,KAS,AM(CLR),,976,-,3,1,-,0.5,74.6,0.4,-,6.35,0.7,0.5,0.8,-,0.2,0.5,0.1,-,1.1,0.4,0.7,0.1,0.9,0.7,18.7,0.5,1.1,0.2
248,Avdija Vrsajevic,33,AKH,D(R),,1413,-,-,3,-,0.2,77.1,0.9,-,6.32,0.7,0.9,1.2,0.2,1.4,0.8,0.3,-,0.4,0.4,0.5,0.3,0.5,0.9,24.1,0.6,0.7,-
249,Vahid Amiri,31,TS,AM(C),,684,1,-,4,-,0.1,75.5,0.6,-,6.31,0.9,0.3,1.3,-,0.4,0.5,-,-,0.3,0.9,0.5,0.2,1,0.8,12.8,0.2,-,-
250,Bilal Kisa,36,AKH,M(C),,566,1,1,3,-,1.2,79,0.3,-,6.31,0.9,0.3,0.6,-,0.3,0.4,0.2,-,0.7,0.1,0.6,-,0.5,0.7,21.4,0.3,1.6,-
251,Soner Aydogdu,28,IBFK,M(C),,474,-,2,5,-,0.3,83.8,0.3,-,6.29,0.8,0.2,0.9,-,0.2,0.4,0.1,-,0.2,0.3,0.6,0.1,0.3,0.3,14.4,-,0.7,-
252,Thibault Moulin,29,ANK,M(C),,1220,-,-,6,-,0.8,81.9,0.5,-,6.29,0.8,0.5,0.8,-,0.7,0.5,0.2,-,0.9,0.2,0.5,-,0.7,0.4,33.4,0.4,1.5,-
253,Moussa Koné,29,ERZ,DMC,,771,-,-,3,-,0.7,84.5,0.8,-,6.27,0.8,0.5,0.6,0.1,0.3,0.3,0.1,-,0.3,0.4,0.6,0.1,0.8,0.7,22.3,-,0.6,-
254,Siphiwe Tshabalala,34,ERZ,AM(C),,442,-,1,-,-,0.7,87.7,0.1,-,6.26,0.3,0.3,0.2,-,0.1,0.5,-,-,0.6,0.5,0.4,-,0.4,0.6,16.3,0.3,0.5,0.1
255,Levent Gülen,25,KAY,D(CR),,1374,-,-,2,-,0.2,84.5,1.1,-,6.25,0.8,0.6,0.7,0.3,2,0.1,0.3,-,0.1,0.2,0.4,-,0.2,0.4,21.8,0.1,0.9,-
256,Erdogan Yesilyurt,25,SIV,Midfielder,,318,1,-,2,-,1.2,73.5,0.4,-,6.14,0.4,0.2,0.3,-,0.2,0.5,-,-,0.2,0.2,0.3,-,0.4,0.6,5.4,0.2,0.1,-
257,Jean-Armel Drole,21,ANT,Forward,,534,-,-,2,-,0.4,81.5,0.1,-,6.04,0.4,0.1,0.7,-,0.1,0.3,0.1,-,0.2,0.5,0.3,0.3,0.5,0.9,3.3,0.1,0.1,-
